{"_timestamp":1.748815455189363e+09,"train/learning_rate":1.5151515151515153e-05,"_runtime":27.379265439,"_step":50,"train/grad_norm":1.3195267915725708,"train/loss":0.19289284199476242,"_wandb":{"runtime":27},"train/global_step":50,"train/epoch":1,"train/step":50,"train/perplexity":1.2127528303817987}