{"epoch/eval_loss":0.31036733090877533,"epoch/number":3,"train/epoch":3,"_runtime":1412.563799723,"epoch/train_loss":0,"_wandb":{"runtime":1417},"train/learning_rate":5e-06,"_timestamp":1.7488091766674957e+09,"_step":334,"train/step":111,"eval/loss":0.31036733090877533,"train/loss":11.2539103445597}