{"train/loss":0.04570392332971096,"_step":666,"train/epoch":3,"_wandb":{"runtime":1622},"train/global_step":666,"_runtime":1617.880241751,"train/grad_norm":0.5192939043045044,"_timestamp":1.7488149101251907e+09,"train/step":222,"eval/loss":0.4152634061872959,"train/learning_rate":0}