{"epoch/train_loss":0.10217315550507591,"train/loss":0.08395074494183064,"epoch/number":3,"_step":334,"eval/loss":0.30789587646722794,"_runtime":1404.415742319,"_timestamp":1.7488121809899945e+09,"_wandb":{"runtime":1409},"train/step":111,"epoch/eval_loss":0.30789587646722794,"train/learning_rate":5e-06,"train/epoch":3}