{"train/loss":0.031376663595438004,"eval/loss":0.2910202094912529,"_step":666,"train/grad_norm":0.6776484251022339,"_runtime":335.478949735,"train/epoch":3,"train/perplexity":1.031874100105489,"train/global_step":666,"eval/perplexity":1.337791619764882,"train/learning_rate":0,"_timestamp":1.7488158263339422e+09,"train/step":222,"_wandb":{"runtime":338}}