{"train/step":93,"train/epoch":2,"epoch/number":1,"_wandb":{"runtime":863},"eval/loss":0.3028329715132713,"_step":204,"train/learning_rate":5e-06,"epoch/train_loss":1,"train/loss":12.979758146218956,"_timestamp":1.748810763402758e+09,"_runtime":863.742927332,"epoch/eval_loss":0.3028329715132713}